group1_ecoli	Escherichia_coli_AD30	Escherichia_coli_O157_H7_str._1044	Escherichia_coli_DEC7B	Escherichia_coli_E1520	Escherichia_coli_E482	Escherichia_coli_H489	Escherichia_coli_STEC_S1191	Escherichia_coli_str._K-12_substr._MG1655	Escherichia_coli_str._K-12_substr._W3110	Escherichia_coli_TA007	
group2_coxiella	Coxiella_burnetii_CbuG_Q212	Coxiella_burnetii_CbuK_Q154	Coxiella_burnetii_Dugway_5J108-111	Francisella_tularensis_subsp._tularensis_SCHU_S4	Legionella_pneumophila_str._Corby	Legionella_pneumophila_str._Lens	Legionella_pneumophila_subsp._pneumophila_str._Philadelphia_1	Rickettsiella_grylli	Vibrio_cholerae_O1_biovar_El_Tor_str._N16961	Xanthomonas_axonopodis_pv._citri_str._306	
group3_mycobacterium	Mycobacterium_avium_subsp._paratuberculosis_CLIJ623	Mycobacterium_avium_subsp._paratuberculosis_CLIJ644	Mycobacterium_leprae_TN	Mycobacterium_parascrofulaceum_ATCC_BAA-614	Mycobacterium_sp._KMS	Mycobacterium_tuberculosis_H37RvJO	Mycobacterium_tuberculosis_KZN_1435	Mycobacterium_tuberculosis_S96-129	Mycobacterium_tuberculosis_SUMu008	Mycobacterium_tuberculosis_T85	
group4_brucella	Brucella_ceti_str._Cudo	Brucella_melitensis_bv._1_str._16M	Brucella_melitensis_biovar_Abortus_2308	Brucella_microti_CCM_4915	Brucella_ovis_ATCC_25840	Brucella_sp._83/13	Brucella_sp._BO1	Brucella_sp._BO2	Brucella_sp._NVSL_07-0026	Brucella_suis_1330	
group5_rickettsia	Rickettsia_africae_ESF-5	Rickettsia_canadensis_str._McKiel	Rickettsia_conorii_subsp._israelensis_ISTT_CDC1	Rickettsia_massiliae_str._AZT80	Rickettsia_prowazekii_str._GvV257	Rickettsia_rickettsii_str._Colombia	Rickettsia_rickettsii_str._Hauke	Rickettsia_typhi_str._TH1527	Wolbachia_endosymbiont_of_Culex_quinquefasciatus_JHB	Wolbachia_endosymbiont_of_Drosophila_ananassae	
group6_burkholderia	Acidovorax_radicis_N35	Bordetella_pertussis_B0558	Burkholderia_ambifaria_IOP40-10	Burkholderia_cenocepacia_AU_1054	Burkholderia_mallei_NCTC_10229	Burkholderia_multivorans_ATCC_17616	Burkholderia_phymatum_STM815	Burkholderia_pseudomallei_1106b	Burkholderia_sp._CCGE1001	Burkholderia_thailandensis_Bt4	
group7_clostridium	Candidatus_Arthromitus_sp._SFB-4	Candidatus_Arthromitus_sp._SFB-5	Clostridium_botulinum_A2_str._Kyoto	Clostridium_botulinum_Bf	Clostridium_difficile_6466	Clostridium_difficile_6534	Clostridium_difficile_BI1	Clostridium_difficile_CD37	Clostridium_difficile_CF5	Clostridium_sp._M62/1	
group8_bacillus	Bacillus_anthracis_str._A0389	Bacillus_anthracis_str._Ames_Ancestor	Bacillus_atrophaeus_ATCC_9372-2	Bacillus_cereus_AND1407	Bacillus_cereus_ATCC_4342	Bacillus_cereus_E33L	Bacillus_cereus_R309803	Bacillus_cereus_Rock3-28	Bacillus_sp._916	Bacillus_thuringiensis_HD-771	
group9_staph	Staphylococcus_aureus_A10102	Staphylococcus_aureus_A8819	Staphylococcus_aureus_O11	Staphylococcus_aureus_subsp._aureus_ED98	Staphylococcus_aureus_subsp._aureus_EMRSA16	Staphylococcus_aureus_subsp._aureus_IS-55	Staphylococcus_aureus_subsp._aureus_MSSA476	Staphylococcus_aureus_subsp._aureus_WBG10049	Staphylococcus_epidermidis_NIHLM020	Staphylococcus_sp._AL1	
group10_strep	Streptococcus_mutans_TCI-177	Streptococcus_mutans_TCI-210	Streptococcus_mutans_TCI-99	Streptococcus_pneumoniae_07AR0125	Streptococcus_pneumoniae_AP200	Streptococcus_pneumoniae_CCRI_1974	Streptococcus_pneumoniae_GA47502	Streptococcus_pneumoniae_INV200	Streptococcus_pneumoniae_SPN032672	Streptococcus_sobrinus_TCI-28	
